-- phpMyAdmin SQL Dump
-- version 5.0.2
-- https://www.phpmyadmin.net/
--
-- Host: 127.0.0.1
-- Generation Time: Dec 15, 2020 at 11:55 AM
-- Server version: 10.4.14-MariaDB
-- PHP Version: 7.4.9

SET SQL_MODE = "NO_AUTO_VALUE_ON_ZERO";
START TRANSACTION;
SET time_zone = "+00:00";


/*!40101 SET @OLD_CHARACTER_SET_CLIENT=@@CHARACTER_SET_CLIENT */;
/*!40101 SET @OLD_CHARACTER_SET_RESULTS=@@CHARACTER_SET_RESULTS */;
/*!40101 SET @OLD_COLLATION_CONNECTION=@@COLLATION_CONNECTION */;
/*!40101 SET NAMES utf8mb4 */;

--
-- Database: `gfp`
--

-- --------------------------------------------------------

--
-- Table structure for table `answers`
--

CREATE TABLE `answers` (
  `id` int(11) NOT NULL,
  `created_answer_id` int(11) NOT NULL,
  `question_id` int(11) NOT NULL,
  `answer` varchar(255) NOT NULL,
  `answer2` varchar(255) NOT NULL DEFAULT ''
) ENGINE=InnoDB DEFAULT CHARSET=utf8mb4;

--
-- Dumping data for table `answers`
--

INSERT INTO `answers` (`id`, `created_answer_id`, `question_id`, `answer`, `answer2`) VALUES
(1, 33, 37, '1', ''),
(2, 33, 38, '2', ''),
(3, 33, 39, '3', ''),
(4, 33, 40, '4', ''),
(6, 33, 42, '6', ''),
(7, 33, 43, '7', ''),
(8, 33, 44, '8', ''),
(9, 33, 45, '9', ''),
(10, 33, 46, '10', ''),
(11, 33, 47, '1', ''),
(12, 33, 48, '1', ''),
(13, 33, 49, '2', ''),
(14, 33, 50, '3', ''),
(15, 33, 51, '1', ''),
(16, 33, 52, '2', ''),
(17, 33, 53, '3', ''),
(18, 33, 54, '4', ''),
(19, 33, 55, '5', ''),
(20, 33, 56, '6', ''),
(21, 33, 57, '7', ''),
(22, 33, 58, '8', ''),
(23, 33, 59, '9', ''),
(24, 33, 60, '10', ''),
(25, 33, 61, '1', ''),
(26, 33, 62, '2', ''),
(27, 33, 63, '3', ''),
(28, 33, 64, '4', ''),
(29, 33, 65, '5', ''),
(30, 33, 66, '6', ''),
(31, 33, 67, '7', ''),
(32, 33, 68, '8', ''),
(33, 33, 69, '0', ''),
(34, 33, 70, '1', ''),
(35, 33, 71, '555', ''),
(36, 33, 72, '1', ''),
(37, 33, 73, '2', ''),
(38, 33, 74, '3', ''),
(39, 33, 75, '4', ''),
(40, 33, 76, '5', ''),
(41, 33, 77, '10', ''),
(166, 39, 78, '1', ''),
(167, 39, 79, '1', ''),
(168, 39, 80, '0', ''),
(169, 39, 81, '1', ''),
(170, 39, 82, '1', ''),
(171, 39, 83, '1', ''),
(172, 39, 84, '1', ''),
(173, 39, 85, '0', ''),
(174, 39, 86, '0', ''),
(175, 39, 87, '0', ''),
(176, 39, 88, '0', ''),
(177, 39, 89, '1', ''),
(178, 39, 90, '1', ''),
(179, 39, 91, '1', ''),
(180, 39, 92, '1', ''),
(181, 39, 93, '1', ''),
(182, 39, 94, '1', ''),
(183, 39, 95, '1', ''),
(184, 39, 96, '1', ''),
(185, 39, 97, '1', ''),
(186, 39, 98, '1', ''),
(187, 39, 99, '1', ''),
(188, 39, 100, '1', ''),
(189, 39, 101, '0', ''),
(190, 39, 102, '1', ''),
(191, 39, 103, '1', ''),
(192, 39, 104, '1', ''),
(193, 39, 105, '1', ''),
(194, 39, 106, '1', ''),
(195, 39, 107, '1', ''),
(196, 39, 108, '0', ''),
(197, 39, 109, '1', '');

-- --------------------------------------------------------

--
-- Table structure for table `created_answers`
--

CREATE TABLE `created_answers` (
  `id` int(11) NOT NULL,
  `user_id` int(11) NOT NULL,
  `comment` varchar(255) NOT NULL DEFAULT '',
  `status` tinyint(4) NOT NULL DEFAULT 1 COMMENT '0->deleted; \r\n1->not allowed; \r\n9->waiting accept;\r\n10->accepted',
  `created_at` datetime NOT NULL DEFAULT current_timestamp()
) ENGINE=InnoDB DEFAULT CHARSET=utf8mb4;

--
-- Dumping data for table `created_answers`
--

INSERT INTO `created_answers` (`id`, `user_id`, `comment`, `status`, `created_at`) VALUES
(33, 1, '', 10, '2020-12-03 10:12:50'),
(39, 9, 'Ваш документ не является оригинальным', 1, '2020-12-09 10:49:32');

-- --------------------------------------------------------

--
-- Table structure for table `migration`
--

CREATE TABLE `migration` (
  `version` varchar(180) NOT NULL,
  `apply_time` int(11) DEFAULT NULL
) ENGINE=InnoDB DEFAULT CHARSET=utf8mb4;

--
-- Dumping data for table `migration`
--

INSERT INTO `migration` (`version`, `apply_time`) VALUES
('m000000_000000_base', 1604052707),
('m130524_201442_init', 1604052711),
('m190124_110200_add_verification_token_column_to_user_table', 1604052711);

-- --------------------------------------------------------

--
-- Table structure for table `questions`
--

CREATE TABLE `questions` (
  `id` int(11) NOT NULL,
  `title_id` int(11) NOT NULL,
  `caption_en` varchar(255) NOT NULL,
  `caption_ru` varchar(255) NOT NULL,
  `caption_uz` varchar(255) NOT NULL,
  `ball` float NOT NULL DEFAULT 0,
  `type_id` int(11) NOT NULL,
  `type2_id` int(11) DEFAULT NULL,
  `position` tinyint(4) NOT NULL,
  `status` tinyint(4) NOT NULL DEFAULT 1,
  `created_at` datetime NOT NULL DEFAULT current_timestamp()
) ENGINE=InnoDB DEFAULT CHARSET=utf8mb4;

--
-- Dumping data for table `questions`
--

INSERT INTO `questions` (`id`, `title_id`, `caption_en`, `caption_ru`, `caption_uz`, `ball`, `type_id`, `type2_id`, `position`, `status`, `created_at`) VALUES
(37, 9, 'Жами ишчилари сони', 'Всего колличество  работающих\r\n', 'Жами ишчилари сони', 1, 2, 0, 1, 1, '2020-12-03 09:39:01'),
(38, 9, 'Архитекторлар ва дизайнерлар', 'Архитекторы, дизайнеры', 'Архитекторлар ва дизайнерлар', 1, 2, 0, 2, 1, '2020-12-03 09:39:20'),
(39, 9, 'Иженерлар ва конструкторлар', 'Конструктора', 'Иженерлар ва конструкторлар', 1, 2, 0, 3, 1, '2020-12-03 09:39:48'),
(40, 9, 'Иқтисод инженерлари (Смета бўйича мутахасис)', 'Сметчики', 'Иқтисод инженерлари (Смета бўйича мутахасис)', 1, 2, 0, 4, 1, '2020-12-03 09:40:07'),
(42, 9, 'Мутахассисларнинг умумий иш тажрибаси', 'Общий стаж специалистов', 'Мутахассисларнинг умумий иш тажрибаси', 1, 8, 0, 5, 1, '2020-12-03 09:45:35'),
(43, 9, 'Малака оширган ходимлар сони (республика худудида)', 'Количество специалистов, которые прошли стажировку (по республике)', 'Малака оширган ходимлар сони (республика худудида)', 1, 2, 0, 6, 1, '2020-12-03 09:46:28'),
(44, 9, 'Малака оширган ходимлар сони (ривожланган хорижий мамлакатларда)', 'Количество специалистов, которые прошли стажировку (за рубежом)', 'Малака оширган ходимлар сони (ривожланган хорижий мамлакатларда)', 1, 2, 0, 7, 1, '2020-12-03 09:48:19'),
(45, 9, 'Илмий даражага эга мутахасислар сони', 'Колиичество специалистов, имеющих ученые звания', 'Илмий даражага эга мутахасислар сони', 1, 2, 0, 8, 1, '2020-12-03 09:48:40'),
(46, 9, 'Малакага эгалик тугрисидаги махсус сертификатларга эга ходимлар сони', 'Количество  специалистов, имеющих сертификат  проффесий', 'Малакага эгалик тугрисидаги махсус сертификатларга эга ходимлар сони', 1, 2, 0, 9, 1, '2020-12-03 09:49:43'),
(47, 9, 'Халкаро ISO 9001 стандартларига асосланган сифатни бошкариш тизими мавжудлиги', 'Наличие международного стандарта качества ISO 9001 в руководства управлению', 'Халкаро ISO 9001 стандартларига асосланган сифатни бошкариш тизими мавжудлиги', 1, 6, 0, 10, 1, '2020-12-03 09:53:02'),
(48, 10, 'Ташкилотнинг рентабеллиги', 'Рентабельность предприятия', 'Рентабельность предприятия', 1, 7, 0, 1, 1, '2020-12-03 09:53:16'),
(49, 10, 'Соликдан карздорлик холатлари', 'Наличие задолжности перед бюджетом (налоговых организаций)', 'Наличие задолжности перед бюджетом (налоговых организаций)', 1, 3, 0, 2, 1, '2020-12-03 09:53:33'),
(50, 10, 'Ходимларнинг уртача иш хаки микдори', 'Среднестатистичичсая зарплата рабочих и специалистов', 'Среднестатистичичсая зарплата рабочих и специалистов', 1, 3, 0, 3, 1, '2020-12-03 09:53:47'),
(51, 11, 'Мураккаблик тоифасига тегишли ишлаб чикилган лойихалар сони', 'Колличество выполненных проектов по сложности разработке, в том числе с участием международных организаций', 'Колличество выполненных проектов по сложности разработке, в том числе с участием международных организаций', 1, 1, 0, 1, 1, '2020-12-03 09:54:08'),
(52, 11, 'Тендер савдолари ва танловларда эришган натижалари', 'Клолличество проектов выполненных на основании тендерных торгах', 'Клолличество проектов выполненных на основании тендерных торгах', 1, 1, 0, 2, 1, '2020-12-03 09:54:22'),
(53, 11, 'Давлат бюджети томонидан молиялаштирилган', 'Колличество договоров выполненные для бюджетных организаций', 'Колличество договоров выполненные для бюджетных организаций', 1, 1, 0, 3, 1, '2020-12-03 09:54:38'),
(54, 11, 'Бюджетдан ташкари молиялаштирилган', 'Колличество договоров выполненные на вне бюджетных организаций', 'Колличество договоров выполненные на вне бюджетных организаций', 1, 1, 0, 4, 1, '2020-12-03 09:54:59'),
(55, 11, 'Хорижий буюртмалар асосида ишлаб чикилган лойихалар сони', 'Колличество  выполненные проектов для  международных орпганизаций', 'Колличество  выполненные проектов для  международных орпганизаций', 1, 1, 0, 5, 1, '2020-12-03 09:55:31'),
(56, 11, 'Бошка мураккаблик тоифасига тегишли ишлаб чикилган лойихалар сони', 'Бошка мураккаблик тоифасига тегишли ишлаб чикилган лойихалар сони', 'Бошка мураккаблик тоифасига тегишли ишлаб чикилган лойихалар сони', 1, 1, 0, 6, 1, '2020-12-03 09:55:50'),
(57, 11, 'Лойихаларни экспертизадан утказиш натижалари', 'Результаты экспртизы проектов', 'Результаты экспртизы проектов', 1, 1, 0, 7, 1, '2020-12-03 09:56:05'),
(58, 11, 'Объектларнинг эскиз лойихаларини шахарсозлик кенгашида куриб чикилиш натижалари', 'Колличество проектов, которые прошли градостроительный советы', 'Колличество проектов, которые прошли градостроительный советы', 1, 1, 0, 8, 1, '2020-12-03 09:56:24'),
(59, 11, 'Амалга оширилган муаллифлик нaзорати натижалари', 'Колличество проектов по авторскому надзору и их результаты', 'Колличество проектов по авторскому надзору и их результаты', 1, 1, 0, 9, 1, '2020-12-03 09:56:37'),
(60, 11, 'Курилиш сохасида назорат инспекциясининг такдимномалари', 'Колличество рекламаций со стороны инспектирующих гос органов', 'Колличество рекламаций со стороны инспектирующих гос органов', 1, 1, 0, 10, 1, '2020-12-03 09:56:51'),
(61, 12, 'Жами бажарилган ишлар киймати', 'Объём выполненных договоров', 'Объём выполненных договоров', 1, 3, 0, 1, 1, '2020-12-03 09:57:21'),
(62, 12, 'Лойихаланаётган бино ва иншоотлар майдони', 'Общий объем выполненных проетов по площади застройки', 'Общий объем выполненных проетов по площади застройки', 1, 4, 0, 2, 1, '2020-12-03 09:57:38'),
(63, 12, 'Лицензияланган дастyрий таъминотлар', 'Колличество лицензионных программных обеспечений', 'Лицензияланган дастyрий таъминотлар', 1, 1, 0, 3, 1, '2020-12-03 09:57:53'),
(64, 12, '\"БИМ\" технологияларига асосланган лицензияланган дастурий таъминотлар', 'Колличество проектов выполненные с использованием \"БИМ\" технологии в проектных организациях', '\"БИМ\" технологияларига асосланган лицензияланган дастурий таъминотлар', 1, 1, 0, 4, 1, '2020-12-03 09:58:08'),
(65, 12, 'Замонавий компьютер ва ноутбуклар сони', 'Колличество современных компютереов, ноотбукови  и  принтеров', 'Замонавий компьютер ва ноутбуклар сони', 1, 1, 0, 5, 1, '2020-12-03 09:58:22'),
(66, 12, 'Нусха олиш ва кучириш техникалари сони', 'Колличество принтеров', 'Нусха олиш ва кучириш техникалари сони', 1, 1, 0, 6, 1, '2020-12-03 09:58:38'),
(67, 12, 'Бошка турдаги техникалар, асбоб-ускуналар, лаборатория жихозлари', 'Наличие плоттеров, других технических средствр, измерительных приборов и лаборатории обородувания', 'Бошка турдаги техникалар, асбоб-ускуналар, лаборатория жихозлари', 1, 3, 0, 7, 1, '2020-12-03 09:58:57'),
(68, 12, 'Бажарилган иш хажмининг хар бир ходимга тугри келадиган микдори', 'Отношение выполненных объемов работ на колличество работников', 'Бажарилган иш хажмининг хар бир ходимга тугри келадиган микдори', 1, 3, 0, 8, 1, '2020-12-03 09:59:11'),
(69, 12, 'Архив ва компютер базасига  эгалиги (10 йилгача)', 'Наличие архива и компютерной информационной базы', 'Архив ва компютер базасига  эгалиги (10 йилгача)', 1, 6, 0, 9, 1, '2020-12-03 09:59:26'),
(70, 13, 'Уз биносига эга, эга эмас (аренда)', 'Отсуствие собственной базы и здания (арендованные)', 'Уз биносига эга, эга эмас (аренда)', 1, 6, 0, 1, 1, '2020-12-03 09:59:47'),
(71, 13, 'Бино умумий майдони', 'Общая площадь предприятия', 'Бино умумий майдони', 1, 4, 0, 2, 1, '2020-12-03 10:00:01'),
(72, 13, 'Товар иш хизматларни реализация килишдан тушум', 'Общий объем поступивших средств от реализации продукции предприятия\r\n', 'Товар иш хизматларни реализация килишдан тушум', 1, 3, 0, 3, 1, '2020-12-03 10:00:16'),
(73, 13, 'Хомийлик ёрдами', 'Объем благотворительных работ', 'Хомийлик ёрдами', 1, 3, 0, 4, 1, '2020-12-03 10:00:36'),
(74, 13, 'Бюджет туловлар', 'Бюджетные платежи', 'Бюджет туловлар', 1, 3, 0, 5, 1, '2020-12-03 10:00:56'),
(75, 13, 'ЕСП', 'ЕСП', 'ЕСП', 1, 3, 0, 6, 1, '2020-12-03 10:01:14'),
(76, 13, 'Корхона карамогидаги хизматчи автомашиналар сони', 'Общее колличество автомобилей зарегестрированных за предприятием', 'Корхона карамогидаги хизматчи автомашиналар сони', 1, 1, 0, 7, 1, '2020-12-03 10:01:34'),
(77, 14, 'Тегишли курсаткичлар: лойихаларда янги инновацион таклифлар кулланилиши \r\n( илмий қулланмалар, ҚМҚ , Патентлар, энергия тежамкорлик, рационализаторлик таклифлар ва ш.у. ) сони', 'Соотвествующие показатели: разработанные и внедренные инновационные  технолоогии (Руководства, СНИПы, патенты, энергосберегающие технологии, разпредложения и пр.)', 'Тегишли курсаткичлар: лойихаларда янги инновацион таклифлар кулланилиши \r\n( илмий қулланмалар, ҚМҚ , Патентлар, энергия тежамкорлик, рационализаторлик таклифлар ва ш.у. ) сони', 1, 1, 0, 1, 1, '2020-12-03 10:02:05'),
(78, 15, 'Узок муддатли карзи', 'Узок муддатли карзи', 'Узок муддатли карзи', -1, 6, 0, 1, 1, '2020-12-08 11:11:47'),
(79, 15, 'Рентабеллик даражаси', 'Рентабеллик даражаси', 'Рентабеллик даражаси', 1, 7, 0, 2, 1, '2020-12-08 11:12:13'),
(80, 15, 'МХХС бухгалтерия хисоботига жорий этилгани', 'МХХС бухгалтерия хисоботига жорий этилгани', 'МХХС бухгалтерия хисоботига жорий этилгани', 1, 6, 0, 3, 1, '2020-12-08 11:12:59'),
(81, 15, 'Халкаро тендерлардаги иштироки', 'Халкаро тендерлардаги иштироки', 'Халкаро тендерлардаги иштироки', 1, 1, 0, 4, 1, '2020-12-08 11:13:46'),
(82, 15, 'Халкаро тендерларни ютганлари', 'Халкаро тендерларни ютганлари', 'Халкаро тендерларни ютганлари', 1, 1, 0, 5, 1, '2020-12-08 11:14:41'),
(83, 15, 'Махаллий тендерлардаги иштироки', 'Махаллий тендерлардаги иштироки', 'Махаллий тендерлардаги иштироки', 1, 1, 0, 6, 1, '2020-12-08 11:15:07'),
(84, 15, 'Махаллий тендерларни ютганлари', 'Махаллий тендерларни ютганлари', 'Махаллий тендерларни ютганлари', 1, 1, 0, 7, 1, '2020-12-08 11:15:34'),
(85, 15, 'ISO 9001 сертификатига эгалиги', 'ISO 9001 сертификатига эгалиги', 'ISO 9001 сертификатига эгалиги', 1, 6, 0, 8, 1, '2020-12-08 11:16:11'),
(86, 15, 'ISO 45001 сертификатига эгалиги', 'ISO 45001 сертификатига эгалиги', 'ISO 45001 сертификатига эгалиги', 1, 6, 0, 9, 1, '2020-12-08 11:19:44'),
(87, 15, 'ISO 14001 сертификатига эгалиги', 'ISO 14001 сертификатига эгалиги', 'ISO 14001 сертификатига эгалиги', 1, 6, 0, 10, 1, '2020-12-08 11:20:00'),
(88, 15, 'Техник ва / ёки махсус техникаларни янгилаш учун халкаро ёки хорижий ташкилотлардан бегараз ёрдам олганлиги', 'Техник ва / ёки махсус техникаларни янгилаш учун халкаро ёки хорижий ташкилотлардан бегараз ёрдам олганлиги', 'Техник ва / ёки махсус техникаларни янгилаш учун халкаро ёки хорижий ташкилотлардан бегараз ёрдам олганлиги', 1, 6, 0, 10, 1, '2020-12-08 11:21:49'),
(89, 16, 'Курилиш-монтаж ишлирини бажаришдаги тажрибаси', 'Курилиш-монтаж ишлирини бажаришдаги тажрибаси', 'Курилиш-монтаж ишлирини бажаришдаги тажрибаси', 1, 8, 0, 1, 1, '2020-12-08 12:48:31'),
(90, 16, 'Жами бажарилган иш хажми', 'Жами бажарилган иш хажми', 'Жами бажарилган иш хажми', 1, 1, 0, 2, 1, '2020-12-08 12:49:00'),
(91, 16, 'Амалга оширилган янги курилиш, реконструкция ишлари', 'Амалга оширилган янги курилиш, реконструкция ишлари', 'Амалга оширилган янги курилиш, реконструкция ишлари', 1, 1, 0, 3, 1, '2020-12-08 12:49:47'),
(92, 16, 'Амалга оширилган мукаммал таъмирлаш ишлари', 'Амалга оширилган мукаммал таъмирлаш ишлари', 'Амалга оширилган мукаммал таъмирлаш ишлари', 1, 1, 0, 4, 1, '2020-12-08 12:50:25'),
(93, 16, 'Курилиш сохасида назорат инспекция томонидан курилиш меъёрлари ва коидалари бузилганлиги учун судга берилган мурожаатларнинг сони', 'Курилиш сохасида назорат инспекция томонидан курилиш меъёрлари ва коидалари бузилганлиги учун судга берилган мурожаатларнинг сони', 'Курилиш сохасида назорат инспекция томонидан курилиш меъёрлари ва коидалари бузилганлиги учун судга берилган мурожаатларнинг сони', 1, 1, 0, 5, 1, '2020-12-08 12:52:01'),
(94, 17, 'Уз балансидаги махсус техника сони', 'Уз балансидаги махсус техника сони', 'Уз балансидаги махсус техника сони', 1, 1, 0, 1, 1, '2020-12-08 12:52:37'),
(95, 17, 'Самосвал (20 тоннадан юкори)', 'Самосвал (20 тоннадан юкори)', 'Самосвал (20 тоннадан юкори)', 1, 1, 0, 2, 1, '2020-12-08 12:53:08'),
(96, 17, 'Экскаватор (0,5-1,5 куб.м)', 'Экскаватор (0,5-1,5 куб.м)', 'Экскаватор (0,5-1,5 куб.м)', 1, 1, 0, 3, 1, '2020-12-08 12:53:46'),
(97, 17, 'Автокран 10-25 тонна', 'Автокран 10-25 тонна', 'Автокран 10-25 тонна', 1, 1, 0, 4, 1, '2020-12-08 12:54:17'),
(98, 17, 'Минора крани', 'Минора крани', 'Минора крани', 1, 1, 0, 5, 1, '2020-12-08 12:54:36'),
(99, 17, 'Бетон коргич', 'Бетон коргич', 'Бетон коргич', 1, 1, 0, 6, 1, '2020-12-08 12:55:06'),
(100, 17, 'Козик кокувчи техника', 'Козик кокувчи техника', 'Козик кокувчи техника', 1, 1, 0, 7, 1, '2020-12-08 12:55:28'),
(101, 17, 'Интернетда ташкилотнинг веб-сайти мавжудлиги', 'Интернетда ташкилотнинг веб-сайти мавжудлиги', 'Интернетда ташкилотнинг веб-сайти мавжудлиги', 1, 6, 0, 8, 1, '2020-12-08 12:56:34'),
(102, 18, 'Давлат мехнат инсрекцияси томонидан аникланган мехнат, мехнатни мухофаза килиш хакидаги конунлар ва техника хавфсизлиги, гигиена талаблари бузилиши холатлари', 'Давлат мехнат инсрекцияси томонидан аникланган мехнат, мехнатни мухофаза килиш хакидаги конунлар ва техника хавфсизлиги, гигиена талаблари бузилиши холатлари', 'Давлат мехнат инсрекцияси томонидан аникланган мехнат, мехнатни мухофаза килиш хакидаги конунлар ва техника хавфсизлиги, гигиена талаблари бузилиши холатлари', 1, 1, 0, 1, 1, '2020-12-08 12:58:35'),
(103, 18, 'Давлат мехнат инсрекцияси томонидан берилган ёзма курсатмалар', 'Давлат мехнат инсрекцияси томонидан берилган ёзма курсатмалар', 'Давлат мехнат инсрекцияси томонидан берилган ёзма курсатмалар', 1, 1, 0, 2, 1, '2020-12-08 12:59:14'),
(104, 18, 'Давлат мехнат инсрекцияси томонидан берилган ёзма курсатмаларнинг ижроси', 'Давлат мехнат инсрекцияси томонидан берилган ёзма курсатмаларнинг ижроси', 'Давлат мехнат инсрекцияси томонидан берилган ёзма курсатмаларнинг ижроси', 1, 1, 0, 3, 1, '2020-12-08 12:59:38'),
(105, 18, 'Давлат мехнат инсрекцияси томонидан маъмурий жарима кулланилганлиги', 'Давлат мехнат инсрекцияси томонидан маъмурий жарима кулланилганлиги', 'Давлат мехнат инсрекцияси томонидан маъмурий жарима кулланилганлиги', 1, 1, 0, 4, 1, '2020-12-08 13:00:24'),
(106, 18, 'Давлат мехнат инсрекцияси томонидан мехнатни мухофаза килиш буйича белгиланган нормаларнинг бузилиши холатлари судга берилганлиги', 'Давлат мехнат инсрекцияси томонидан мехнатни мухофаза килиш буйича белгиланган нормаларнинг бузилиши холатлари судга берилганлиги', 'Давлат мехнат инсрекцияси томонидан мехнатни мухофаза килиш буйича белгиланган нормаларнинг бузилиши холатлари судга берилганлиги', 1, 1, 0, 5, 1, '2020-12-08 13:01:49'),
(107, 18, 'Курилиш ташкилотларида ишлаб чикариш билан боглик бахтсиз ходисалар буйича маълумотлар', 'Курилиш ташкилотларида ишлаб чикариш билан боглик бахтсиз ходисалар буйича маълумотлар', 'Курилиш ташкилотларида ишлаб чикариш билан боглик бахтсиз ходисалар буйича маълумотлар', 1, 1, 0, 6, 1, '2020-12-08 13:03:11'),
(108, 19, 'Корхонанинг манбалари режаси (КМР) тизими жорий этилганлиги', 'Корхонанинг манбалари режаси (КМР) тизими жорий этилганлиги', 'Корхонанинг манбалари режаси (КМР) тизими жорий этилганлиги', 1, 6, 0, 1, 1, '2020-12-08 13:04:09'),
(109, 20, 'Тегишли курсаткичлар', 'Тегишли курсаткичлар', 'Тегишли курсаткичлар', 1, 1, 0, 1, 1, '2020-12-08 13:04:35');

-- --------------------------------------------------------

--
-- Table structure for table `question_titles`
--

CREATE TABLE `question_titles` (
  `id` int(11) NOT NULL,
  `whois_id` int(11) NOT NULL,
  `caption_en` varchar(255) NOT NULL,
  `caption_ru` varchar(255) NOT NULL,
  `caption_uz` varchar(255) NOT NULL,
  `position` tinyint(4) NOT NULL,
  `status` tinyint(4) NOT NULL DEFAULT 1,
  `created_at` datetime NOT NULL DEFAULT current_timestamp()
) ENGINE=InnoDB DEFAULT CHARSET=utf8mb4;

--
-- Dumping data for table `question_titles`
--

INSERT INTO `question_titles` (`id`, `whois_id`, `caption_en`, `caption_ru`, `caption_uz`, `position`, `status`, `created_at`) VALUES
(9, 1, 'Корпоратив бошкарув тизими', 'Система корпоративного управления', 'Корпоратив бошкарув тизими', 1, 1, '2020-12-03 09:36:30'),
(10, 1, 'Молиявий баркарорлиги, самарадорлиги ва сохадаги фаоллиги', 'Финасовая стабильность, рентабельность', 'Молиявий баркарорлиги, самарадорлиги ва сохадаги фаоллиги', 2, 1, '2020-12-03 09:36:50'),
(11, 1, 'Фаолият натижадорлиги', 'Результаты деятельности', 'Фаолият натижадорлиги', 3, 1, '2020-12-03 09:37:02'),
(12, 1, 'Ишлаб чикариш  самарадорлиги', 'Производственная ретабельность', 'Ишлаб чикариш  самарадорлиги', 4, 1, '2020-12-03 09:37:18'),
(13, 1, 'Молиявий результатлар ва \r\nкучмас мулк', 'Финансовые результаты  и недвижимость', 'Молиявий результатлар ва \r\nкучмас мулк', 5, 1, '2020-12-03 09:37:41'),
(14, 1, 'Сохага алокадор бошка мезонлар', 'Другие критерии, относящиеся к области', 'Сохага алокадор бошка мезонлар', 6, 1, '2020-12-03 09:37:55'),
(15, 3, 'Ракобатбардошлиги', 'Ракобатбардошлиги', 'Ракобатбардошлиги', 1, 1, '2020-12-08 11:07:39'),
(16, 3, 'Иш тажрибаси', 'Иш тажрибаси', 'Иш тажрибаси', 2, 1, '2020-12-08 11:07:58'),
(17, 3, 'Моддий-техник база', 'Моддий-техник база', 'Моддий-техник база', 3, 1, '2020-12-08 11:08:30'),
(18, 3, 'Мехнатни мухофаза килиш ва техника хавфсизлиги', 'Мехнатни мухофаза килиш ва техника хавфсизлиги', 'Мехнатни мухофаза килиш ва техника хавфсизлиги', 4, 1, '2020-12-08 11:09:22'),
(19, 3, 'Технологиялаштириш', 'Технологиялаштириш', 'Технологиялаштириш', 5, 1, '2020-12-08 11:09:51'),
(20, 3, 'Сохага алокадор бошка мезонлар', 'Сохага алокадор бошка мезонлар', 'Сохага алокадор бошка мезонлар', 6, 1, '2020-12-08 11:10:05');

-- --------------------------------------------------------

--
-- Table structure for table `types`
--

CREATE TABLE `types` (
  `id` int(11) NOT NULL,
  `caption_en` varchar(128) NOT NULL,
  `caption_ru` varchar(128) NOT NULL,
  `caption_uz` varchar(128) NOT NULL,
  `short_en` varchar(10) NOT NULL,
  `short_ru` varchar(10) NOT NULL,
  `short_uz` varchar(10) NOT NULL,
  `mime_type` varchar(50) NOT NULL
) ENGINE=InnoDB DEFAULT CHARSET=utf8mb4;

--
-- Dumping data for table `types`
--

INSERT INTO `types` (`id`, `caption_en`, `caption_ru`, `caption_uz`, `short_en`, `short_ru`, `short_uz`, `mime_type`) VALUES
(1, 'Quantity', 'Количество', 'Soni', 'qty.', 'шт.', 'ta', 'number'),
(2, 'Workers', 'Количество рабочих', 'Ishchilar soni', 'per.', 'чел.', 'ta', 'number'),
(3, 'Price', 'Стоимость', 'Narxi', 'sum', 'сум', 'so\'m', 'number'),
(4, 'Area', 'Площадь', 'Maydoni', 'm2', 'м2', 'm2', 'number'),
(5, 'File', 'Файл', 'Fayl', 'File', 'Файл', 'Fayl', 'file'),
(6, 'Имеется', 'Имеется', 'Имеется', '', '', '', 'checkbox'),
(7, 'Процент', 'Процент', 'Процент', '%', '%', '%', 'number'),
(8, 'Год', 'Год', 'Год', 'год', 'год', 'год', 'number');

-- --------------------------------------------------------

--
-- Table structure for table `user`
--

CREATE TABLE `user` (
  `id` int(11) NOT NULL,
  `username` varchar(255) COLLATE utf8_unicode_ci NOT NULL,
  `auth_key` varchar(32) COLLATE utf8_unicode_ci NOT NULL,
  `password_hash` varchar(255) COLLATE utf8_unicode_ci NOT NULL,
  `password_reset_token` varchar(255) COLLATE utf8_unicode_ci DEFAULT NULL,
  `email` varchar(255) COLLATE utf8_unicode_ci NOT NULL,
  `caption` varchar(255) COLLATE utf8_unicode_ci NOT NULL,
  `whois_id` int(11) NOT NULL,
  `document` varchar(255) COLLATE utf8_unicode_ci NOT NULL,
  `status` smallint(6) NOT NULL DEFAULT 10,
  `created_at` int(11) NOT NULL,
  `updated_at` int(11) NOT NULL,
  `verification_token` varchar(255) COLLATE utf8_unicode_ci DEFAULT NULL
) ENGINE=InnoDB DEFAULT CHARSET=utf8 COLLATE=utf8_unicode_ci;

--
-- Dumping data for table `user`
--

INSERT INTO `user` (`id`, `username`, `auth_key`, `password_hash`, `password_reset_token`, `email`, `caption`, `whois_id`, `document`, `status`, `created_at`, `updated_at`, `verification_token`) VALUES
(1, 'shakh13', 'c2KtG4yZ3k5IMcEM_hzlKoIU6w8D0Wt7', '$2y$13$zw/MW.EKfTy6KRYppBJZbuPp/vN/3y8PSMtQ73KQmKqgUCgQT4FzS', 'AV2rJwWOiWCrcuyG26ZA2WIeA7XgdGn8_1606122334', 'vip.shaxi@gmail.com', 'Геофундаментпроект', 1, 'ok.pdf', 10, 1604052795, 1606458473, 'NvzF59Eyw7b6X-Sau9FiXvyfUVFvRfid_1604052795'),
(9, 'shaxzod', 'hoLlepIJscEenxTHHy5dsu6iAkAnKfcQ', '$2y$13$.Ty6sYQT7PH0f/8D20MTkOOODuZHIoPCYTer5mGhFtmwbePHzQZTK', NULL, 'vip.shaxi@mail.ru', 'shaxzod', 3, '9.jpg', 10, 1606462470, 1606462582, 'jhzIQhz6Key4MrTvKZKxLI6jsVP4lavd_1606462470'),
(10, 'okgoogle', 'utVZVY7TDycGOJGTJDoU-Xaj7bAOMMgi', '$2y$13$bTgt.hXryR9zGUMLxy8eV.QJWb449ZSlXbpYZN8KQlInR2qjlZ7TS', NULL, 'okgoogle@gmail.com', 'okgoogle', 1, '10.pdf', 10, 1606713429, 1606713528, 'SIb7TNn0kvqtN4RWroiN0enrI6clpnVw_1606713429');

-- --------------------------------------------------------

--
-- Table structure for table `whois`
--

CREATE TABLE `whois` (
  `id` int(11) NOT NULL,
  `caption_en` varchar(255) NOT NULL,
  `caption_ru` varchar(255) NOT NULL,
  `caption_uz` varchar(255) NOT NULL,
  `description_en` varchar(255) NOT NULL,
  `description_ru` varchar(255) NOT NULL,
  `description_uz` varchar(255) NOT NULL,
  `title_en` varchar(255) NOT NULL,
  `title_ru` varchar(255) NOT NULL,
  `title_uz` varchar(255) NOT NULL,
  `photo` varchar(128) NOT NULL DEFAULT '',
  `status` tinyint(4) NOT NULL DEFAULT 1 COMMENT '0->not active; 1->active',
  `created_at` datetime NOT NULL DEFAULT current_timestamp()
) ENGINE=InnoDB DEFAULT CHARSET=utf8mb4;

--
-- Dumping data for table `whois`
--

INSERT INTO `whois` (`id`, `caption_en`, `caption_ru`, `caption_uz`, `description_en`, `description_ru`, `description_uz`, `title_en`, `title_ru`, `title_uz`, `photo`, `status`, `created_at`) VALUES
(1, 'Design Institute', 'Проектный институт', 'Loyihalash instituti', '', 'Организация, на которую возложены обязанности за создание, реализацию проектов зданий, сооружений и прочих объектов, отличающихся уровнем сложности и направленностью', '', '', 'Рейтинг проектных институтов', '', '1.jpg', 1, '2020-11-23 09:44:16'),
(2, 'Design and survey institute', 'Проектно-изыскательский институт', 'Loyihalash va tadqiqot instituti', '', 'Lorem ipsum', '', '', 'Рейтинг проектно-изыскательких институтов', '', '2.jpg', 1, '2020-11-23 09:45:23'),
(3, 'Construction organization', 'Строительная организация', 'Qurilish tashkiloti', '', 'Lorem ipsum', '', '', 'Рейтинг строительных организации', '', '3.jpg', 1, '2020-11-23 09:46:12');

--
-- Indexes for dumped tables
--

--
-- Indexes for table `answers`
--
ALTER TABLE `answers`
  ADD PRIMARY KEY (`id`),
  ADD KEY `question_id` (`question_id`),
  ADD KEY `created_answer_id` (`created_answer_id`);

--
-- Indexes for table `created_answers`
--
ALTER TABLE `created_answers`
  ADD PRIMARY KEY (`id`),
  ADD KEY `user_id` (`user_id`);

--
-- Indexes for table `migration`
--
ALTER TABLE `migration`
  ADD PRIMARY KEY (`version`);

--
-- Indexes for table `questions`
--
ALTER TABLE `questions`
  ADD PRIMARY KEY (`id`),
  ADD KEY `type_id` (`type_id`),
  ADD KEY `title_id` (`title_id`),
  ADD KEY `questions_ibfk_2` (`type2_id`);

--
-- Indexes for table `question_titles`
--
ALTER TABLE `question_titles`
  ADD PRIMARY KEY (`id`),
  ADD KEY `whois_id` (`whois_id`);

--
-- Indexes for table `types`
--
ALTER TABLE `types`
  ADD PRIMARY KEY (`id`);

--
-- Indexes for table `user`
--
ALTER TABLE `user`
  ADD PRIMARY KEY (`id`),
  ADD UNIQUE KEY `username` (`username`),
  ADD UNIQUE KEY `email` (`email`),
  ADD UNIQUE KEY `password_reset_token` (`password_reset_token`),
  ADD KEY `whois` (`whois_id`);

--
-- Indexes for table `whois`
--
ALTER TABLE `whois`
  ADD PRIMARY KEY (`id`);

--
-- AUTO_INCREMENT for dumped tables
--

--
-- AUTO_INCREMENT for table `answers`
--
ALTER TABLE `answers`
  MODIFY `id` int(11) NOT NULL AUTO_INCREMENT, AUTO_INCREMENT=198;

--
-- AUTO_INCREMENT for table `created_answers`
--
ALTER TABLE `created_answers`
  MODIFY `id` int(11) NOT NULL AUTO_INCREMENT, AUTO_INCREMENT=40;

--
-- AUTO_INCREMENT for table `questions`
--
ALTER TABLE `questions`
  MODIFY `id` int(11) NOT NULL AUTO_INCREMENT, AUTO_INCREMENT=110;

--
-- AUTO_INCREMENT for table `question_titles`
--
ALTER TABLE `question_titles`
  MODIFY `id` int(11) NOT NULL AUTO_INCREMENT, AUTO_INCREMENT=21;

--
-- AUTO_INCREMENT for table `types`
--
ALTER TABLE `types`
  MODIFY `id` int(11) NOT NULL AUTO_INCREMENT, AUTO_INCREMENT=9;

--
-- AUTO_INCREMENT for table `user`
--
ALTER TABLE `user`
  MODIFY `id` int(11) NOT NULL AUTO_INCREMENT, AUTO_INCREMENT=11;

--
-- AUTO_INCREMENT for table `whois`
--
ALTER TABLE `whois`
  MODIFY `id` int(11) NOT NULL AUTO_INCREMENT, AUTO_INCREMENT=4;

--
-- Constraints for dumped tables
--

--
-- Constraints for table `answers`
--
ALTER TABLE `answers`
  ADD CONSTRAINT `answers_ibfk_1` FOREIGN KEY (`question_id`) REFERENCES `questions` (`id`),
  ADD CONSTRAINT `answers_ibfk_2` FOREIGN KEY (`created_answer_id`) REFERENCES `created_answers` (`id`) ON DELETE CASCADE;

--
-- Constraints for table `created_answers`
--
ALTER TABLE `created_answers`
  ADD CONSTRAINT `created_answers_ibfk_1` FOREIGN KEY (`user_id`) REFERENCES `user` (`id`);

--
-- Constraints for table `questions`
--
ALTER TABLE `questions`
  ADD CONSTRAINT `questions_ibfk_1` FOREIGN KEY (`type_id`) REFERENCES `types` (`id`),
  ADD CONSTRAINT `questions_ibfk_3` FOREIGN KEY (`title_id`) REFERENCES `question_titles` (`id`);

--
-- Constraints for table `question_titles`
--
ALTER TABLE `question_titles`
  ADD CONSTRAINT `question_titles_ibfk_1` FOREIGN KEY (`whois_id`) REFERENCES `whois` (`id`);

--
-- Constraints for table `user`
--
ALTER TABLE `user`
  ADD CONSTRAINT `user_ibfk_1` FOREIGN KEY (`whois_id`) REFERENCES `whois` (`id`);
COMMIT;

/*!40101 SET CHARACTER_SET_CLIENT=@OLD_CHARACTER_SET_CLIENT */;
/*!40101 SET CHARACTER_SET_RESULTS=@OLD_CHARACTER_SET_RESULTS */;
/*!40101 SET COLLATION_CONNECTION=@OLD_COLLATION_CONNECTION */;
